location,new
Argentina,Argentina
Australia,Australia
Austria,Austria
Belgium,Belgium
Canada,Canada
Czech Republic,Czechia
Denmark,Denmark
England,United Kingdom
Finland,Finland
France,France
Germany,Germany
Greece,Greece
Israel,Israel
Italy,Italy
Morocco,Morocco
Netherlands,Netherlands
Portugal,Portugal
Scotland,United Kingdom
Slovenia,Slovenia
Spain,Spain
Sweden,Sweden
Switzerland,Switzerland
United Arab Emirates,United Arab Emirates
United States,United States
World,World
Bolivia,Bolivia
Northern Ireland,United Kingdom
Sudan,Sudan
Wales,United Kingdom
Iran,Iran
Ecuador,Ecuador
Ireland,Ireland
Malta,Malta
Mexico,Mexico
Pakistan,Pakistan
French Guiana,French Guiana
Thailand,Thailand
Peru,Peru
Brazil,Brazil
Malaysia,Malaysia
Hungary,Hungary
Norway,Norway
Costa Rica,Costa Rica
Paraguay,Paraguay
United Kingdom,United Kingdom
Mauritius,Mauritius
Haiti,Haiti
Uruguay,Uruguay
Latvia,Latvia
Cayman Islands,Cayman Islands
Kosovo,Kosovo
Bahamas,Bahamas
Ghana,Ghana
Iceland,Iceland
Poland,Poland
Gibraltar,United Kingdom
Uganda,Uganda
Venezuela,Venezuela
Romania,Romania
Georgia,Georgia
Slovakia,Slovakia
Luxembourg,Luxembourg
Nepal,Nepal
Chile,Chile
Lebanon,Lebanon
Serbia,Serbia
Singapore,Singapore
South Korea,South Korea
South Africa,South Africa
Colombia,Colombia
Croatia,Croatia
Taiwan,Taiwan
Bulgaria,Bulgaria
Fiji,Fiji
Somalia,Somalia
Zambia,Zambia
Benin,Benin
Estonia,Estonia
Puerto Rico,Puerto Rico
Turkey,Turkey
Dominican Republic,Dominican Republic
Panama,Panama
Jamaica,Jamaica
New Zealand,New Zealand
Russia,Russia
Bosnia And Herzegovina,Bosnia and Herzegovina
India,India
Saudi Arabia,Saudi Arabia
Barbados,Barbados
Martinique,France
Qatar,Qatar
Cameroon,Cameroon
Central African Republic,Central African Republic
Democratic Republic Of The Congo,Democratic Republic of Congo
Liberia,Liberia
Nigeria,Nigeria
Republic of Congo,Congo
Sierra Leone,Sierra Leone
Bermuda,Bermuda
Japan,Japan
Andorra,Andorra
China,China
Guadeloupe,France
New Caledonia,New Caledonia
Philippines,Philippines
Montenegro,Montenegro
Cyprus,Cyprus
Lithuania,Lithuania
Guatemala,Guatemala
